{
  "loss": {
    "0": 0.030843718,
    "1": 0.000007296,
    "2": 0.0000001538,
    "3": 0.0000000004,
    "4": 0.0000000004,
    "5": 0.0000000037,
    "6": 0.0000000082,
    "7": 0.0000000014,
    "8": 0.0000000004,
    "9": 0.0000000007,
    "10": 0.0,
    "11": 0.000000006,
    "12": 0.0000000089,
    "13": 0.0000001248,
    "14": 0.0000000001
  },
  "acc": {
    "0": 0.9825000167,
    "1": 1.0,
    "2": 1.0,
    "3": 1.0,
    "4": 1.0,
    "5": 1.0,
    "6": 1.0,
    "7": 1.0,
    "8": 1.0,
    "9": 1.0,
    "10": 1.0,
    "11": 1.0,
    "12": 1.0,
    "13": 1.0,
    "14": 1.0
  },
  "f1_m": {
    "0": 0.9825000167,
    "1": 1.0,
    "2": 1.0,
    "3": 1.0,
    "4": 1.0,
    "5": 1.0,
    "6": 1.0,
    "7": 1.0,
    "8": 1.0,
    "9": 1.0,
    "10": 1.0,
    "11": 1.0,
    "12": 1.0,
    "13": 1.0,
    "14": 1.0
  },
  "precision_m": {
    "0": 0.9825000167,
    "1": 1.0,
    "2": 1.0,
    "3": 1.0,
    "4": 1.0,
    "5": 1.0,
    "6": 1.0,
    "7": 1.0,
    "8": 1.0,
    "9": 1.0,
    "10": 1.0,
    "11": 1.0,
    "12": 1.0,
    "13": 1.0,
    "14": 1.0
  },
  "recall_m": {
    "0": 0.9825000167,
    "1": 1.0,
    "2": 1.0,
    "3": 1.0,
    "4": 1.0,
    "5": 1.0,
    "6": 1.0,
    "7": 1.0,
    "8": 1.0,
    "9": 1.0,
    "10": 1.0,
    "11": 1.0,
    "12": 1.0,
    "13": 1.0,
    "14": 1.0
  },
  "val_loss": {
    "0": 0.041022975,
    "1": 0.0118601862,
    "2": 0.0104834782,
    "3": 0.0102613168,
    "4": 0.0102615813,
    "5": 0.0102971066,
    "6": 0.0102948165,
    "7": 0.0101955393,
    "8": 0.0101897521,
    "9": 0.0101794209,
    "10": 0.0101782093,
    "11": 0.0100882538,
    "12": 0.0100857252,
    "13": 0.0083805537,
    "14": 0.0076513118
  },
  "val_acc": {
    "0": 0.9950124621,
    "1": 0.9975062609,
    "2": 0.9975062609,
    "3": 0.9975062609,
    "4": 0.9975062609,
    "5": 0.9975062609,
    "6": 0.9975062609,
    "7": 0.9975062609,
    "8": 0.9975062609,
    "9": 0.9975062609,
    "10": 0.9975062609,
    "11": 0.9975062609,
    "12": 0.9975062609,
    "13": 0.9975062609,
    "14": 0.9975062609
  },
  "val_f1_m": {
    "0": 0.9930712581,
    "1": 0.9954751134,
    "2": 0.9954751134,
    "3": 0.9954751134,
    "4": 0.9954751134,
    "5": 0.9954751134,
    "6": 0.9954751134,
    "7": 0.9954751134,
    "8": 0.9954751134,
    "9": 0.9954751134,
    "10": 0.9954751134,
    "11": 0.9954751134,
    "12": 0.9954751134,
    "13": 0.9954751134,
    "14": 0.9954751134
  },
  "val_precision_m": {
    "0": 0.9930712581,
    "1": 0.9954751134,
    "2": 0.9954751134,
    "3": 0.9954751134,
    "4": 0.9954751134,
    "5": 0.9954751134,
    "6": 0.9954751134,
    "7": 0.9954751134,
    "8": 0.9954751134,
    "9": 0.9954751134,
    "10": 0.9954751134,
    "11": 0.9954751134,
    "12": 0.9954751134,
    "13": 0.9954751134,
    "14": 0.9954751134
  },
  "val_recall_m": {
    "0": 0.9930712581,
    "1": 0.9954751134,
    "2": 0.9954751134,
    "3": 0.9954751134,
    "4": 0.9954751134,
    "5": 0.9954751134,
    "6": 0.9954751134,
    "7": 0.9954751134,
    "8": 0.9954751134,
    "9": 0.9954751134,
    "10": 0.9954751134,
    "11": 0.9954751134,
    "12": 0.9954751134,
    "13": 0.9954751134,
    "14": 0.9954751134
  }
}