{
  "loss": {
    "0": 0.2191290706,
    "1": 0.0864451677,
    "2": 0.0731161609,
    "3": 0.0542954616,
    "4": 0.0567031242,
    "5": 0.0401802883,
    "6": 0.049711287,
    "7": 0.0382951871,
    "8": 0.0331224799,
    "9": 0.0352438018,
    "10": 0.0380046628,
    "11": 0.0335205607,
    "12": 0.0329348408,
    "13": 0.0317560881,
    "14": 0.0399774909,
    "15": 0.0306444447,
    "16": 0.0325758494,
    "17": 0.0342955813,
    "18": 0.0299161635,
    "19": 0.0275625903,
    "20": 0.0238194559,
    "21": 0.0295085199,
    "22": 0.0188207775,
    "23": 0.0295407809,
    "24": 0.0206197761
  },
  "acc": {
    "0": 0.9165266752,
    "1": 0.9691174626,
    "2": 0.9751905799,
    "3": 0.9791962504,
    "4": 0.9812637568,
    "5": 0.9857862592,
    "6": 0.9817805886,
    "7": 0.9863031507,
    "8": 0.9897919893,
    "9": 0.9870784283,
    "10": 0.9881121516,
    "11": 0.9881121516,
    "12": 0.9884998202,
    "13": 0.9900503755,
    "14": 0.9853986502,
    "15": 0.9899211526,
    "16": 0.9883705974,
    "17": 0.987724483,
    "18": 0.9904380441,
    "19": 0.9913425446,
    "20": 0.9917302132,
    "21": 0.9909548759,
    "22": 0.9944437146,
    "23": 0.9904380441,
    "24": 0.9923762679
  },
  "f1_m": {
    "0": 0.9140974879,
    "1": 0.9692623019,
    "2": 0.9753457904,
    "3": 0.9790660143,
    "4": 0.9809642434,
    "5": 0.9858084321,
    "6": 0.9817581773,
    "7": 0.9862279296,
    "8": 0.9895914793,
    "9": 0.9873327613,
    "10": 0.9881744385,
    "11": 0.9881410003,
    "12": 0.9886301756,
    "13": 0.9898538589,
    "14": 0.9855822921,
    "15": 0.9900287986,
    "16": 0.9882366061,
    "17": 0.9877939224,
    "18": 0.9902412295,
    "19": 0.9911233783,
    "20": 0.991858542,
    "21": 0.9909566641,
    "22": 0.9946379066,
    "23": 0.9903110266,
    "24": 0.9925082922
  },
  "precision_m": {
    "0": 0.925711453,
    "1": 0.9703284502,
    "2": 0.9765854478,
    "3": 0.9800339341,
    "4": 0.9822422862,
    "5": 0.9866462946,
    "6": 0.9820142388,
    "7": 0.98694098,
    "8": 0.9901818037,
    "9": 0.987853229,
    "10": 0.9889467955,
    "11": 0.9884542227,
    "12": 0.9888904691,
    "13": 0.9901776314,
    "14": 0.9861620665,
    "15": 0.9902911782,
    "16": 0.9887571931,
    "17": 0.9879906774,
    "18": 0.990565002,
    "19": 0.9914492369,
    "20": 0.9921187758,
    "21": 0.9910857081,
    "22": 0.9948347211,
    "23": 0.9905733466,
    "24": 0.992639482
  },
  "recall_m": {
    "0": 0.9060969353,
    "1": 0.9682334661,
    "2": 0.9741496444,
    "3": 0.9781288505,
    "4": 0.9797262549,
    "5": 0.9849966764,
    "6": 0.981510222,
    "7": 0.9855371714,
    "8": 0.9890237451,
    "9": 0.986828506,
    "10": 0.9874264002,
    "11": 0.9878376722,
    "12": 0.9883781075,
    "13": 0.9895402789,
    "14": 0.9850206375,
    "15": 0.9897746444,
    "16": 0.9877324104,
    "17": 0.9876033068,
    "18": 0.9899277091,
    "19": 0.9908077121,
    "20": 0.9916064143,
    "21": 0.9908316135,
    "22": 0.9944472909,
    "23": 0.9900568128,
    "24": 0.9923812151
  },
  "val_loss": {
    "0": 0.0902112499,
    "1": 0.0393034928,
    "2": 0.0453047343,
    "3": 0.0251248274,
    "4": 0.0218613464,
    "5": 0.0466116965,
    "6": 0.0336124375,
    "7": 0.0234634485,
    "8": 0.0267159082,
    "9": 0.0351887792,
    "10": 0.1093656793,
    "11": 0.0248623248,
    "12": 0.1392517686,
    "13": 0.0614795275,
    "14": 0.0229099821,
    "15": 0.0271720272,
    "16": 0.0238683689,
    "17": 0.0342420004,
    "18": 0.0438861437,
    "19": 0.021311583,
    "20": 0.0192769486,
    "21": 0.0341724642,
    "22": 0.0330563262,
    "23": 0.0185871273,
    "24": 0.0442614667
  },
  "val_acc": {
    "0": 0.9665465951,
    "1": 0.9876479506,
    "2": 0.9876479506,
    "3": 0.9927946329,
    "4": 0.993309319,
    "5": 0.9825012684,
    "6": 0.9891919494,
    "7": 0.993309319,
    "8": 0.9922800064,
    "9": 0.9912506342,
    "10": 0.966031909,
    "11": 0.9912506342,
    "12": 0.9619145393,
    "13": 0.9804426432,
    "14": 0.9927946329,
    "15": 0.993309319,
    "16": 0.9927946329,
    "17": 0.9886773229,
    "18": 0.9845599532,
    "19": 0.993309319,
    "20": 0.9958826303,
    "21": 0.9855892658,
    "22": 0.9907359481,
    "23": 0.9938240051,
    "24": 0.9876479506
  },
  "val_f1_m": {
    "0": 0.9660167098,
    "1": 0.9872441888,
    "2": 0.9877049327,
    "3": 0.9928278923,
    "4": 0.9933401346,
    "5": 0.9825819731,
    "6": 0.9897215962,
    "7": 0.9933401346,
    "8": 0.9923155904,
    "9": 0.9912828803,
    "10": 0.9663674235,
    "11": 0.9912909865,
    "12": 0.9620088935,
    "13": 0.980784893,
    "14": 0.9930799603,
    "15": 0.9933401346,
    "16": 0.9925676584,
    "17": 0.9882276058,
    "18": 0.9848832488,
    "19": 0.9933401346,
    "20": 0.9956414104,
    "21": 0.9859431386,
    "22": 0.9905456901,
    "23": 0.9943403602,
    "24": 0.9877049327
  },
  "val_precision_m": {
    "0": 0.9679700136,
    "1": 0.9875044227,
    "2": 0.9877049327,
    "3": 0.9928278923,
    "4": 0.9933401346,
    "5": 0.9825819731,
    "6": 0.9902167916,
    "7": 0.9933401346,
    "8": 0.9923155904,
    "9": 0.9918032885,
    "10": 0.9670808911,
    "11": 0.9912909865,
    "12": 0.9629825354,
    "13": 0.9810450673,
    "14": 0.9933401346,
    "15": 0.9933401346,
    "16": 0.9928278923,
    "17": 0.9895194769,
    "18": 0.9851434231,
    "19": 0.9933401346,
    "20": 0.9959016442,
    "21": 0.9864467382,
    "22": 0.9910408854,
    "23": 0.9948440194,
    "24": 0.9877049327
  },
  "val_recall_m": {
    "0": 0.9641393423,
    "1": 0.9869921207,
    "2": 0.9877049327,
    "3": 0.9928278923,
    "4": 0.9933401346,
    "5": 0.9825819731,
    "6": 0.9892417789,
    "7": 0.9933401346,
    "8": 0.9923155904,
    "9": 0.9907786846,
    "10": 0.9656762481,
    "11": 0.9912909865,
    "12": 0.9610655904,
    "13": 0.9805327654,
    "14": 0.9928278923,
    "15": 0.9933401346,
    "16": 0.9923155904,
    "17": 0.9869921207,
    "18": 0.9846311212,
    "19": 0.9933401346,
    "20": 0.9953893423,
    "21": 0.9854552746,
    "22": 0.9900659323,
    "23": 0.9938524365,
    "24": 0.9877049327
  }
}
