{
  "loss": {
    "0": 0.2326258421,
    "1": 0.0923433825,
    "2": 0.0713390559,
    "3": 0.0675905868,
    "4": 0.0542262979,
    "5": 0.056579385,
    "6": 0.0577634238,
    "7": 0.039876245,
    "8": 0.0487369448,
    "9": 0.0468563475,
    "10": 0.0468287617,
    "11": 0.0341490395,
    "12": 0.0409795903,
    "13": 0.0336245708,
    "14": 0.0425291881,
    "15": 0.0341558345,
    "16": 0.0420403369,
    "17": 0.0360795297,
    "18": 0.0385319144,
    "19": 0.0301812515,
    "20": 0.0374632888,
    "21": 0.0292398464,
    "22": 0.0336524062,
    "23": 0.0356765687,
    "24": 0.0272017065
  },
  "acc": {
    "0": 0.9139423966,
    "1": 0.9692466855,
    "2": 0.9755782485,
    "3": 0.9758366942,
    "4": 0.9825558662,
    "5": 0.9817805886,
    "6": 0.981005311,
    "7": 0.9861739278,
    "8": 0.9833312035,
    "9": 0.9844941497,
    "10": 0.9842357039,
    "11": 0.9890166521,
    "12": 0.9861739278,
    "13": 0.9883705974,
    "14": 0.9864323735,
    "15": 0.9903088212,
    "16": 0.9863031507,
    "17": 0.9892750978,
    "18": 0.988758266,
    "19": 0.9895335436,
    "20": 0.988758266,
    "21": 0.9905672669,
    "22": 0.989145875,
    "23": 0.9883705974,
    "24": 0.9904380441
  },
  "f1_m": {
    "0": 0.9096276164,
    "1": 0.9695328474,
    "2": 0.9755324125,
    "3": 0.9762791991,
    "4": 0.9821926355,
    "5": 0.9820997119,
    "6": 0.9807059765,
    "7": 0.9860872626,
    "8": 0.9834464192,
    "9": 0.9845388532,
    "10": 0.9845409393,
    "11": 0.9892020226,
    "12": 0.9862914681,
    "13": 0.9884012938,
    "14": 0.9866924882,
    "15": 0.9902371764,
    "16": 0.9864778519,
    "17": 0.9892041087,
    "18": 0.9887573123,
    "19": 0.9896674156,
    "20": 0.9888842702,
    "21": 0.9906266332,
    "22": 0.9890155792,
    "23": 0.9885241389,
    "24": 0.9905036092
  },
  "precision_m": {
    "0": 0.9199883938,
    "1": 0.9705486298,
    "2": 0.9768062234,
    "3": 0.9778112769,
    "4": 0.98303473,
    "5": 0.9828212261,
    "6": 0.9821422696,
    "7": 0.9865463376,
    "8": 0.984220922,
    "9": 0.985245347,
    "10": 0.9853830934,
    "11": 0.9896527529,
    "12": 0.9869368076,
    "13": 0.9889831543,
    "14": 0.9875388145,
    "15": 0.9906941652,
    "16": 0.9873198271,
    "17": 0.9896569252,
    "18": 0.98901546,
    "19": 0.9897985458,
    "20": 0.9891403913,
    "21": 0.9910815358,
    "22": 0.9892737269,
    "23": 0.9892370105,
    "24": 0.9906983376
  },
  "recall_m": {
    "0": 0.9018355608,
    "1": 0.9685491323,
    "2": 0.9743027091,
    "3": 0.9747953415,
    "4": 0.9813809991,
    "5": 0.9814049602,
    "6": 0.9793149233,
    "7": 0.9856424332,
    "8": 0.9826962948,
    "9": 0.9838584661,
    "10": 0.9837293625,
    "11": 0.9887654781,
    "12": 0.9856663346,
    "13": 0.9878376126,
    "14": 0.985876739,
    "15": 0.9897985458,
    "16": 0.9856663346,
    "17": 0.9887654781,
    "18": 0.9885072112,
    "19": 0.9895402789,
    "20": 0.9886363745,
    "21": 0.990185976,
    "22": 0.9887654781,
    "23": 0.9878376722,
    "24": 0.9903150797
  },
  "val_loss": {
    "0": 0.1037706509,
    "1": 0.0486946553,
    "2": 0.1417141408,
    "3": 0.0404469408,
    "4": 0.0245470069,
    "5": 0.0522405393,
    "6": 0.0291076433,
    "7": 0.0539922565,
    "8": 0.0408048928,
    "9": 0.0438901633,
    "10": 0.0211072322,
    "11": 0.0230137687,
    "12": 0.021082554,
    "13": 0.0192779619,
    "14": 0.0372020751,
    "15": 0.0311639681,
    "16": 0.0283005219,
    "17": 0.0312957838,
    "18": 0.042926129,
    "19": 0.0468257777,
    "20": 0.0372377597,
    "21": 0.0280232616,
    "22": 0.0502272807,
    "23": 0.0363232642,
    "24": 0.0190867912
  },
  "val_acc": {
    "0": 0.9619145393,
    "1": 0.9814719558,
    "2": 0.9567678571,
    "3": 0.9835306406,
    "4": 0.9912506342,
    "5": 0.9778692722,
    "6": 0.9876479506,
    "7": 0.9809572697,
    "8": 0.9850746393,
    "9": 0.9855892658,
    "10": 0.993309319,
    "11": 0.9922800064,
    "12": 0.993309319,
    "13": 0.9938240051,
    "14": 0.9850746393,
    "15": 0.9897066355,
    "16": 0.9907359481,
    "17": 0.9917653203,
    "18": 0.9845599532,
    "19": 0.9835306406,
    "20": 0.9855892658,
    "21": 0.993309319,
    "22": 0.9819866419,
    "23": 0.9897066355,
    "24": 0.9953680038
  },
  "val_f1_m": {
    "0": 0.9619030952,
    "1": 0.9817769527,
    "2": 0.9570388198,
    "3": 0.983330071,
    "4": 0.9912909865,
    "5": 0.9784673452,
    "6": 0.9884449244,
    "7": 0.9807273746,
    "8": 0.9848669767,
    "9": 0.9856313467,
    "10": 0.9930799603,
    "11": 0.9921150804,
    "12": 0.9930799603,
    "13": 0.9938524365,
    "14": 0.9851950407,
    "15": 0.9897540808,
    "16": 0.9907786846,
    "17": 0.9918032885,
    "18": 0.9845660925,
    "19": 0.9838939905,
    "20": 0.9861517549,
    "21": 0.9935840964,
    "22": 0.9822810888,
    "23": 0.9892852902,
    "24": 0.9948526621
  },
  "val_precision_m": {
    "0": 0.9632965326,
    "1": 0.982532382,
    "2": 0.9581845999,
    "3": 0.9841023684,
    "4": 0.9912909865,
    "5": 0.9789794087,
    "6": 0.9892087579,
    "7": 0.9814736247,
    "8": 0.9851104021,
    "9": 0.986135006,
    "10": 0.9933401346,
    "11": 0.9921150804,
    "12": 0.9933401346,
    "13": 0.9938524365,
    "14": 0.9854552746,
    "15": 0.9897540808,
    "16": 0.9907786846,
    "17": 0.9918032885,
    "18": 0.9850277305,
    "19": 0.9843975902,
    "20": 0.9866638184,
    "21": 0.9938359261,
    "22": 0.9830281734,
    "23": 0.9895371199,
    "24": 0.9953562617
  },
  "val_recall_m": {
    "0": 0.9605532885,
    "1": 0.9810450673,
    "2": 0.9559426308,
    "3": 0.9825819731,
    "4": 0.9912909865,
    "5": 0.9779713154,
    "6": 0.9877049327,
    "7": 0.9800204635,
    "8": 0.9846311212,
    "9": 0.9851434231,
    "10": 0.9928278923,
    "11": 0.9921150804,
    "12": 0.9928278923,
    "13": 0.9938524365,
    "14": 0.9849429727,
    "15": 0.9897540808,
    "16": 0.9907786846,
    "17": 0.9918032885,
    "18": 0.9841188788,
    "19": 0.9834060669,
    "20": 0.985655725,
    "21": 0.9933401346,
    "22": 0.9815573692,
    "23": 0.9890413284,
    "24": 0.9943647385
  }
}