{
  "loss": {
    "0": 0.2288082093,
    "1": 0.0904383287,
    "2": 0.0666329563,
    "3": 0.0584085435,
    "4": 0.0591937378,
    "5": 0.0465018004,
    "6": 0.0508626215,
    "7": 0.035567522,
    "8": 0.0330264568,
    "9": 0.0470324308,
    "10": 0.0331555158,
    "11": 0.0422106646,
    "12": 0.0355610885,
    "13": 0.0360104926,
    "14": 0.0317185596
  },
  "acc": {
    "0": 0.9094198346,
    "1": 0.9678252935,
    "2": 0.97829175,
    "3": 0.9801008105,
    "4": 0.9777749181,
    "5": 0.982814312,
    "6": 0.9835895896,
    "7": 0.9881121516,
    "8": 0.9878537059,
    "9": 0.9852694273,
    "10": 0.9888874292,
    "11": 0.985527873,
    "12": 0.9874660969,
    "13": 0.9888874292,
    "14": 0.9909548759
  },
  "f1_m": {
    "0": 0.9071047902,
    "1": 0.967957437,
    "2": 0.9782667756,
    "3": 0.9800911546,
    "4": 0.977977097,
    "5": 0.9830726385,
    "6": 0.9835714698,
    "7": 0.9882844687,
    "8": 0.9881055355,
    "9": 0.9845348001,
    "10": 0.9887490869,
    "11": 0.9855863452,
    "12": 0.9876859784,
    "13": 0.988751173,
    "14": 0.9910796881
  },
  "precision_m": {
    "0": 0.921769619,
    "1": 0.9687635899,
    "2": 0.9791597724,
    "3": 0.9808676243,
    "4": 0.97862041,
    "5": 0.9839106202,
    "6": 0.9844750166,
    "7": 0.9886124134,
    "8": 0.9886238575,
    "9": 0.985637188,
    "10": 0.9891321063,
    "11": 0.9860370755,
    "12": 0.9883292317,
    "13": 0.989136219,
    "14": 0.991602242
  },
  "recall_m": {
    "0": 0.8972251415,
    "1": 0.967176497,
    "2": 0.9774018526,
    "3": 0.9793388247,
    "4": 0.9773540497,
    "5": 0.9822610021,
    "6": 0.9826962948,
    "7": 0.9879667163,
    "8": 0.9876033068,
    "9": 0.9834710956,
    "10": 0.9883781075,
    "11": 0.9851498008,
    "12": 0.9870628715,
    "13": 0.9883781075,
    "14": 0.9905733466
  },
  "val_loss": {
    "0": 0.0511276685,
    "1": 0.0958242565,
    "2": 0.0362255573,
    "3": 0.0530601069,
    "4": 0.0413894728,
    "5": 0.049654603,
    "6": 0.0534445196,
    "7": 0.0282124486,
    "8": 0.0218512919,
    "9": 0.0315104909,
    "10": 0.0284663234,
    "11": 0.0242226757,
    "12": 0.0302818604,
    "13": 0.0350080468,
    "14": 0.0286143236
  },
  "val_acc": {
    "0": 0.9819866419,
    "1": 0.9608852267,
    "2": 0.9886773229,
    "3": 0.9804426432,
    "4": 0.9845599532,
    "5": 0.9804426432,
    "6": 0.9840452671,
    "7": 0.9912506342,
    "8": 0.9907359481,
    "9": 0.9897066355,
    "10": 0.9902213216,
    "11": 0.9938240051,
    "12": 0.9912506342,
    "13": 0.9861039519,
    "14": 0.9881626368
  },
  "val_f1_m": {
    "0": 0.9816034436,
    "1": 0.9600811601,
    "2": 0.9887295365,
    "3": 0.9812066555,
    "4": 0.9848420024,
    "5": 0.9804753661,
    "6": 0.9835659266,
    "7": 0.9910226464,
    "8": 0.9906502366,
    "9": 0.9897540808,
    "10": 0.9900062084,
    "11": 0.9935922623,
    "12": 0.9915186763,
    "13": 0.9858265519,
    "14": 0.9879570007
  },
  "val_precision_m": {
    "0": 0.9826107621,
    "1": 0.961725533,
    "2": 0.9887295365,
    "3": 0.9829928875,
    "4": 0.9856050611,
    "5": 0.9814901948,
    "6": 0.9845815301,
    "7": 0.9912744761,
    "8": 0.991786778,
    "9": 0.9897540808,
    "10": 0.9902663827,
    "11": 0.9938524365,
    "12": 0.9922825694,
    "13": 0.9875892401,
    "14": 0.9882172346
  },
  "val_recall_m": {
    "0": 0.9806441665,
    "1": 0.9585040808,
    "2": 0.9887295365,
    "3": 0.9795082211,
    "4": 0.9841188788,
    "5": 0.9795082211,
    "6": 0.9825819731,
    "7": 0.9907786846,
    "8": 0.9895536304,
    "9": 0.9897540808,
    "10": 0.9897540808,
    "11": 0.9933401346,
    "12": 0.9907786846,
    "13": 0.9841188788,
    "14": 0.9877049327
  }
}